{
    "Accuracy": 0.9356060606060606,
    "F1 Score": 0.9362927076245148,
    "Precission": 0.9377420771452014,
    "Recall": 0.9356060606060606
}